04/15/2013 10:18:52 AM,6 min. 15 sec.,Completed,toron,Yes,"<a title=""Why or why not?"" href=""http://www.mit.edu/~crhie/lotto/audio/recording1788487306.mp3"" target=""_blank"">Click here to listen</a>",No,,5,"<a title=""What would you do if you won the jackpot?"" href=""http://www.mit.edu/~crhie/lotto/audio/recording1902016240.mp3"" target=""_blank"">Click here to listen</a>",http://lotto.mit.edu/wp-content/uploads/2013/04/pinkteam_tyrone.jpg,1422 Putnam Avenue,40.695957,-73.910665,Pink,http://app.formassembly.com/responses/view/26766155,http://lotto.mit.edu/?page_id=20,198.228.200.35,"recording1788487306.amr (11 Kb.): http://app.formassembly.com/uploads/get/b1d9db9a6fdaa428f310a2c45ce094ef-recording1788487306.amr/167129/9fd5500a9cabb903ec98526256def916, recording1902016240.amr (7 Kb.): http://app.formassembly.com/uploads/get/0219df6af581634598220cac7ffe3680-recording1902016240.amr/167129/3ca776f6447419df6f4421ae76279ff8",pink_blank
04/15/2013 10:20:03 AM,1 min. 37 sec.,Completed,devon,No,"<a title=""Why or why not?"" href=""http://www.mit.edu/~crhie/lotto/audio/recording-325520477.mp3"" target=""_blank"">Click here to listen</a>",,,,,http://lotto.mit.edu/wp-content/uploads/2013/04/Silhouette-01.png,245 Grove Street,40.696713,-73.910319,Red,http://app.formassembly.com/responses/view/26766193,http://lotto.mit.edu/?page_id=20,198.228.200.35,recording-325520477.amr (8 Kb.): http://app.formassembly.com/uploads/get/0fd7fc50cc3beced539b93e6416db1c7-recording-325520477.amr/167129/18f3ba266c218cf1c287fe218f09db53,red_blank
04/15/2013 10:22:07 AM,21 min. 5 sec.,Completed,Lawrence,No,"<a title=""Why or why not?"" href=""http://www.mit.edu/~crhie/lotto/audio/recording-351438215.mp3"" target=""_blank"">Click here to listen</a>",,,,,http://lotto.mit.edu/wp-content/uploads/2013/04/blue_lawrence.jpg,245 Grove Street,40.696924,-73.917131,Blue,http://app.formassembly.com/responses/view/26766267,http://lotto.mit.edu/?page_id=20,198.228.200.37,recording-351438215.amr (44 Kb.): http://app.formassembly.com/uploads/get/0ef01e9da17371149dc0a14a16486220-recording-351438215.amr/167129/3177398e9eaf2e6559d0af28743046fe,blu_blank
04/15/2013 10:23:13 AM,8 min. 17 sec.,Completed,Francisco,Yes,"<a title=""Why or why not?"" href=""http://www.mit.edu/~crhie/lotto/audio/recording-465878426.mp3"" target=""_blank"">Click here to listen</a>",No,,0,"<a title=""What would you do if you won the jackpot?"" href=""http://www.mit.edu/~crhie/lotto/audio/recording-1797416527.mp3"" target=""_blank"">Click here to listen</a>",http://lotto.mit.edu/wp-content/uploads/2013/04/Silhouette-01.png,1474 Putnam Avenue,40.696668,-73.910304,Green,http://app.formassembly.com/responses/view/26766296,http://lotto.mit.edu/?page_id=20,198.228.200.24,"recording-465878426.amr (16 Kb.): http://app.formassembly.com/uploads/get/4c8ff19cbc343359870046017a21ca13-recording-465878426.amr/167129/80baa46020e491678e10205ac7e25c3c, recording-1797416527.amr (12 Kb.): http://app.formassembly.com/uploads/get/e78ee7b6e7be0076359b8e11f79f0710-recording-1797416527.amr/167129/532e7fbaf5d86a7cf3ba940fdbad445c",grn_blank
04/15/2013 10:23:25 AM,2 min. 38 sec.,Completed,jazmin,No,"<a title=""Why or why not?"" href=""http://www.mit.edu/~crhie/lotto/audio/recording-1098037533.mp3"" target=""_blank"">Click here to listen</a>",,,,,http://lotto.mit.edu/wp-content/uploads/2013/04/Silhouette-01.png,245 Grove Street,40.696364,-73.910726,Red,http://app.formassembly.com/responses/view/26766306,http://lotto.mit.edu/?page_id=20,198.228.200.35,recording-1098037533.amr (39 Kb.): http://app.formassembly.com/uploads/get/cf041a09ac7a724982ea9c42bc47f0a5-recording-1098037533.amr/167129/10fee19a7eaabb081ee9da9ab296393f,red_blank
04/15/2013 10:24:52 AM,5 min. 44 sec.,Completed,mara,Yes,"<a title=""Why or why not?"" href=""http://www.mit.edu/~crhie/lotto/audio/recording45902320.mp3"" target=""_blank"">Click here to listen</a>",Yes,100,5,"<a title=""What would you do if you won the jackpot?"" href=""http://www.mit.edu/~crhie/lotto/audio/recording-713198596.mp3"" target=""_blank"">Click here to listen</a>",http://lotto.mit.edu/wp-content/uploads/2013/04/pinkteam_mara.jpg,336Irving Avenue,40.698083,-73.913255,Pink,http://app.formassembly.com/responses/view/26766368,http://lotto.mit.edu/?page_id=20,198.228.200.21,"recording45902320.amr (12 Kb.): http://app.formassembly.com/uploads/get/5564fd6c4381e24bbda46c167fa476df-recording45902320.amr/167129/6c6c47119dfa484c30010572b37ef11d, recording-713198596.amr (18 Kb.): http://app.formassembly.com/uploads/get/e436e5363cc52405da60ef0eb20aa37e-recording-713198596.amr/167129/48f54d06bb6e41aff833fd00037e94ec",pink_blank
04/15/2013 10:26:31 AM,3 min. 8 sec.,Completed,Maria,Yes,"<a title=""Why or why not?"" href=""http://www.mit.edu/~crhie/lotto/audio/recording642579168.mp3"" target=""_blank"">Click here to listen</a>",No,,0,"<a title=""What would you do if you won the jackpot?"" href=""http://www.mit.edu/~crhie/lotto/audio/recording-1640177566.mp3"" target=""_blank"">Click here to listen</a>",http://farm9.staticflickr.com/8115/8654817937_b27ec61543_b.jpg,409 Irving Avenue,40.69675,-73.9103466667,Green,http://app.formassembly.com/responses/view/26766430,http://lotto.mit.edu/?page_id=20,198.228.200.24,"recording642579168.amr (14 Kb.): http://app.formassembly.com/uploads/get/9a533b333e90be052dcb19770a5d222f-recording642579168.amr/167129/1dcc047e8acf77bca1287da8e04cbc2f, recording-1640177566.amr (11 Kb.): http://app.formassembly.com/uploads/get/c98e36927f2aa90caaa9c928f2f13d4f-recording-1640177566.amr/167129/e9fb00507663596e4768e02b8aba867e, 1366035885507.jpg (1245 Kb.): http://app.formassembly.com/uploads/get/f905b4f0c14f168516184cb501b70215-1366035885507.jpg/167129/71a115093f5c3704ecb7fcdedec1290c",grn_blank
04/15/2013 10:26:37 AM,4 min. 25 sec.,Completed,diana,Yes,,No,,8,"<a title=""What would you do if you won the jackpot?"" href=""http://www.mit.edu/~crhie/lotto/audio/recording390662337.mp3"" target=""_blank"">Click here to listen</a>",http://farm9.staticflickr.com/8116/8655921908_d2e17b20ff_b.jpg,327 Woodbine Street,40.6966366667,-73.912635,Blue,http://app.formassembly.com/responses/view/26766436,http://lotto.mit.edu/?page_id=20,198.228.200.21,"recording390662337.amr (6 Kb.): http://app.formassembly.com/uploads/get/5c8dc30c4c04fb49e6e3048fd43fee9e-recording390662337.amr/167129/5e4542cd55fb9b487e4c7e6ab75f964a, 1366035970346.jpg (1296 Kb.): http://app.formassembly.com/uploads/get/cfe112dfba7df294b2507b0bc4fc737b-1366035970346.jpg/167129/9ea690e8407aa3e8e86a6b4208d63c57",blu_blank
04/15/2013 10:27:53 AM,2 min. 56 sec.,Completed,ilda,No,"<a title=""Why or why not?"" href=""http://www.mit.edu/~crhie/lotto/audio/recording-1599722424.mp3"" target=""_blank"">Click here to listen</a>",,,,,http://farm9.staticflickr.com/8107/8654817875_d5109c8553_b.jpg,245 Grove Street,40.6982566667,-73.9133833333,Pink,http://app.formassembly.com/responses/view/26766483,http://lotto.mit.edu/?page_id=20,198.228.200.21,"recording-1599722424.amr (47 Kb.): http://app.formassembly.com/uploads/get/a6828789ed010507b88d2c19bdf448ac-recording-1599722424.amr/167129/f3231f9cdf0f4657d54dce389dea4ee0, 1366036037584.jpg (1296 Kb.): http://app.formassembly.com/uploads/get/dec6dfdb06672ebddede510c4d0a5f05-1366036037584.jpg/167129/62b3198c18770e0c8f3212785fd2ef8b",pink_blank
04/15/2013 10:31:03 AM,2 min. 45 sec.,Completed,Crystal,Yes,"<a title=""Why or why not?"" href=""http://www.mit.edu/~crhie/lotto/audio/recording1271007552.mp3"" target=""_blank"">Click here to listen</a>",No,,100,"<a title=""What would you do if you won the jackpot?"" href=""http://www.mit.edu/~crhie/lotto/audio/recording-1794560427.mp3"" target=""_blank"">Click here to listen</a>",http://lotto.mit.edu/wp-content/uploads/2013/04/Silhouette-01.png,1507 Gates Avenue,40.698733,-73.913315,Pink,http://app.formassembly.com/responses/view/26766603,http://lotto.mit.edu/?page_id=20,198.228.200.21,"recording1271007552.amr (9 Kb.): http://app.formassembly.com/uploads/get/572e715763f6b0de1718ccd97b30407e-recording1271007552.amr/167129/a3e13f3d8fb438ce0500ee60930a6b73, recording-1794560427.amr (31 Kb.): http://app.formassembly.com/uploads/get/4dbf10e157d589f5d10c6be1aa245ebb-recording-1794560427.amr/167129/864ddbac9c3d8c73033d6bef5792dd5e",pink_blank
04/15/2013 10:31:33 AM,4 min. 51 sec.,Completed,shaquan,Yes,"<a title=""Why or why not?"" href=""http://www.mit.edu/~crhie/lotto/audio/recording1514397210.mp3"" target=""_blank"">Click here to listen</a>",Yes,100,50,"<a title=""What would you do if you won the jackpot?"" href=""http://www.mit.edu/~crhie/lotto/audio/recording1039886021.mp3"" target=""_blank"">Click here to listen</a>",http://farm9.staticflickr.com/8112/8655921856_e8d7276697_b.jpg,315 Woodbine Street,40.6960483333,-73.913345,Blue,http://app.formassembly.com/responses/view/26766622,http://lotto.mit.edu/?page_id=20,198.228.200.21,"recording1514397210.amr (46 Kb.): http://app.formassembly.com/uploads/get/1ca0e0f8114afb6dcfc6a835f7e580f9-recording1514397210.amr/167129/2301ecc006e289cd83da12c3bf2eb833, recording1039886021.amr (41 Kb.): http://app.formassembly.com/uploads/get/76dac9c8ec58d9adfced07f7b8ebcb0b-recording1039886021.amr/167129/de773c7ccd04234fc8b327a5c9cf54cc, 1366036265928.jpg (1350 Kb.): http://app.formassembly.com/uploads/get/7326312fa274caa5de399237889b2a4d-1366036265928.jpg/167129/21f7bb79f1a25abdf13a748e8dd2502f",blu_blank
04/15/2013 10:32:12 AM,6 min. 18 sec.,Completed,jisall,No,"<a title=""Why or why not?"" href=""http://www.mit.edu/~crhie/lotto/audio/recording-1293511078.mp3"" target=""_blank"">Click here to listen</a>",,,,,http://lotto.mit.edu/wp-content/uploads/2013/04/Silhouette-01.png,245 Grove Street,40.694224,-73.910276,Red,http://app.formassembly.com/responses/view/26766642,http://lotto.mit.edu/?page_id=20,198.228.200.26,recording-1293511078.amr (17 Kb.): http://app.formassembly.com/uploads/get/0416ff2a347aef1e456555424544646e-recording-1293511078.amr/167129/6ea71f8870146a6b14b196616c704459,red_blank
04/15/2013 10:34:20 AM,2 min. 43 sec.,Completed,Othaleys,No,"<a title=""Why or why not?"" href=""http://www.mit.edu/~crhie/lotto/audio/recording-401000649.mp3"" target=""_blank"">Click here to listen</a>",,,,,http://lotto.mit.edu/wp-content/uploads/2013/04/blueinterviews_Othalys.jpg,609-611 Knickerbocker Avenue,40.6961816667,-73.9136283333,Blue,http://app.formassembly.com/responses/view/26766719,http://lotto.mit.edu/?page_id=20,198.228.200.21,"recording-401000649.amr (21 Kb.): http://app.formassembly.com/uploads/get/0fd750f6ff94b32a6150502d62a72d6f-recording-401000649.amr/167129/102d3c9df6f92f6fddb81ff25aeb398a, 1366036435378.jpg (691 Kb.): http://app.formassembly.com/uploads/get/307eed02b8b7150e9bc6d6a110b89b00-1366036435378.jpg/167129/8ab954b513378967ab79e133015578fa",blu_blank
04/15/2013 10:34:54 AM,3 min. 47 sec.,Completed,angel,Yes,"<a title=""Why or why not?"" href=""http://www.mit.edu/~crhie/lotto/audio/recording210535953.mp3"" target=""_blank"">Click here to listen</a>",No,,25,"<a title=""What would you do if you won the jackpot?"" href=""http://www.mit.edu/~crhie/lotto/audio/recording971089348.mp3"" target=""_blank"">Click here to listen</a>",http://farm9.staticflickr.com/8102/8655921806_2e9d5c928f_b.jpg,1504-1516 Gates Avenue,40.699185,-73.9124983333,Pink,http://app.formassembly.com/responses/view/26766735,http://lotto.mit.edu/?page_id=20,198.228.200.21,"recording210535953.amr (4 Kb.): http://app.formassembly.com/uploads/get/ca76ce5fdf65ed1dade61c9410f0a7cb-recording210535953.amr/167129/e403ea3ce8e254270ea97bc9eee7ce69, recording971089348.amr (28 Kb.): http://app.formassembly.com/uploads/get/2ea6f363479b04241b85065446225432-recording971089348.amr/167129/e815d3fd34c99a99d44a8d95c7215358, 1366036459971.jpg (1179 Kb.): http://app.formassembly.com/uploads/get/063f0bffb409f38499f770bce8e4de2f-1366036459971.jpg/167129/477f9d714ba00482f18ba846580793f3",pink_blank
04/15/2013 10:35:28 AM,1 min. 55 sec.,Completed,e,Yes,"<a title=""Why or why not?"" href=""http://www.mit.edu/~crhie/lotto/audio/recording-1221693984.mp3"" target=""_blank"">Click here to listen</a>",,,1.5,"<a title=""What would you do if you won the jackpot?"" href=""http://www.mit.edu/~crhie/lotto/audio/recording-470222709.mp3"" target=""_blank"">Click here to listen</a>",http://lotto.mit.edu/wp-content/uploads/2013/04/Screen-Shot-2013-04-21-at-10.54.19-PM.png,245 Grove Street,40.694273,-73.910351,Red,http://app.formassembly.com/responses/view/26766759,http://lotto.mit.edu/?page_id=20,198.228.200.26,"recording-1221693984.amr (9 Kb.): http://app.formassembly.com/uploads/get/52c9a6b91d1b0edaba521f9c4ff06eab-recording-1221693984.amr/167129/d8fc92c5e98994813ae7c81e728f79f0, recording-470222709.amr (14 Kb.): http://app.formassembly.com/uploads/get/b7e0461dd81138a006406631baea9701-recording-470222709.amr/167129/ff7cf2f1a4407ac988e79f889b15463e",red_blank
04/15/2013 10:36:13 AM,3 min. 4 sec.,Completed,amanda,Yes,"<a title=""Why or why not?"" href=""http://www.mit.edu/~crhie/lotto/audio/recording698358862.mp3"" target=""_blank"">Click here to listen</a>",Yes,2,10,"<a title=""What would you do if you won the jackpot?"" href=""http://www.mit.edu/~crhie/lotto/audio/recording-343501844.mp3"" target=""_blank"">Click here to listen</a>",http://lotto.mit.edu/wp-content/uploads/2013/04/Silhouette-01.png,444 Irving Avenue,40.695988,-73.909546,Green,http://app.formassembly.com/responses/view/26766785,http://lotto.mit.edu/?page_id=20,198.228.200.31,"recording698358862.amr (9 Kb.): http://app.formassembly.com/uploads/get/adc8003e6f33fd95544d67b24765c717-recording698358862.amr/167129/ea95f58e64b6c93e4d7cc405ca47384a, recording-343501844.amr (16 Kb.): http://app.formassembly.com/uploads/get/6653565d0b956082966882dadc4f1c49-recording-343501844.amr/167129/21f1b87e063a0de9226dc71837582c8e",grn_blank
04/15/2013 10:36:23 AM,43 sec.,Completed,grew,No,"<a title=""Why or why not?"" href=""http://www.mit.edu/~crhie/lotto/audio/recording-995908786.mp3"" target=""_blank"">Click here to listen</a>",,,,,http://lotto.mit.edu/wp-content/uploads/2013/04/Silhouette-01.png,177 Covert Street,40.693834,-73.9096,Red,http://app.formassembly.com/responses/view/26766793,http://lotto.mit.edu/?page_id=20,198.228.200.26,recording-995908786.amr (9 Kb.): http://app.formassembly.com/uploads/get/b88fd6e4c619e7e9a032053d7a99d731-recording-995908786.amr/167129/d638d6606f6ef39d2148b587b8e8389e,red_blank
04/15/2013 10:36:58 AM,2 min. 1 sec.,Completed,shyla,No,"<a title=""Why or why not?"" href=""http://www.mit.edu/~crhie/lotto/audio/recording1172472037.mp3"" target=""_blank"">Click here to listen</a>",,,,,http://farm9.staticflickr.com/8104/8654817269_d1371d7d83_b.jpg,1513 Gates Avenue,40.6992916667,-73.9123083333,Pink,http://app.formassembly.com/responses/view/26766814,http://lotto.mit.edu/?page_id=20,198.228.200.21,"recording1172472037.amr (30 Kb.): http://app.formassembly.com/uploads/get/7a001ab941e3b6f2254e104260528a6c-recording1172472037.amr/167129/f043b01b4fa4ffd6885e3ff742f28e96, 1366036601252.jpg (927 Kb.): http://app.formassembly.com/uploads/get/55adb940d9df0c6bca8f29d26408d3aa-1366036601252.jpg/167129/7742b5ed10f9ed6ba1453232c3593747",pink_blank
04/15/2013 10:38:04 AM,1 min. 45 sec.,Completed,Christina,No,"<a title=""Why or why not?"" href=""http://www.mit.edu/~crhie/lotto/audio/recording-446369670.mp3"" target=""_blank"">Click here to listen</a>",,,,,http://farm9.staticflickr.com/8105/8655921780_cb448d151d_b.jpg,480 Irving Avenue,40.6954533333,-73.90818,Green,http://app.formassembly.com/responses/view/26766875,http://lotto.mit.edu/?page_id=20,198.228.200.31,"recording-446369670.amr (24 Kb.): http://app.formassembly.com/uploads/get/f983b0a27d7ec16f14e22e3b258ca408-recording-446369670.amr/167129/047d828551c7d13bfd2db7c575dea9bc, 1366036606267.jpg (1129 Kb.): http://app.formassembly.com/uploads/get/42638174a30d83a4849f8586d7d9e5d3-1366036606267.jpg/167129/c9a398b57d3e11e09cfa7f9617e1c5a7",grn_blank
04/15/2013 10:40:13 AM,2 min. 1 sec.,,Jennifer,Yes,"<a title=""Why or why not?"" href=""http://www.mit.edu/~crhie/lotto/audio/recording1638483125.mp3"" target=""_blank"">Click here to listen</a>",Yes,100,10,"<a title=""What would you do if you won the jackpot?"" href=""http://www.mit.edu/~crhie/lotto/audio/recording-387833333.mp3"" target=""_blank"">Click here to listen</a>",http://farm9.staticflickr.com/8125/8655921168_171c73db27_b.jpg,480 Irving Avenue,40.69514,-73.907541,Green,http://app.formassembly.com/responses/view/26766955,http://lotto.mit.edu/?page_id=20,198.228.200.31,"recording1638483125.amr (15 Kb.): http://app.formassembly.com/uploads/get/de033362d9719376aa66a2b531ebd672-recording1638483125.amr/167129/82c658050bfbbff95c50dee7d17add80, recording-387833333.amr (22 Kb.): http://app.formassembly.com/uploads/get/ed30f1b5d725541de7e0cdb001353c37-recording-387833333.amr/167129/2414eddd31e92982b940311c0b12ea17, 1366036744200.jpg (1222 Kb.): http://app.formassembly.com/uploads/get/10d95aea2c40ef1da5ef72856f3cd4e4-1366036744200.jpg/167129/e41f688cab1c4946e5494095a68b9a65",grn_blank
04/15/2013 10:40:17 AM,1 min. 49 sec.,Completed,john,Yes,"<a title=""Why or why not?"" href=""http://www.mit.edu/~crhie/lotto/audio/recording1024227912.mp3"" target=""_blank"">Click here to listen</a>",No,,5,"<a title=""What would you do if you won the jackpot?"" href=""http://www.mit.edu/~crhie/lotto/audio/recording-605693117.mp3"" target=""_blank"">Click here to listen</a>",http://lotto.mit.edu/wp-content/uploads/2013/04/John.png,204 Covert Street,40.69385,-73.908913,Red,http://app.formassembly.com/responses/view/26766958,http://lotto.mit.edu/?page_id=20,198.228.200.26,"recording1024227912.amr (8 Kb.): http://app.formassembly.com/uploads/get/e4834e5d3b2fc00361549ebc79fb4452-recording1024227912.amr/167129/23a243fc35384aab4b76c3ba32d0e4d7, recording-605693117.amr (16 Kb.): http://app.formassembly.com/uploads/get/8793e05aed8b5d21094adfdae8920322-recording-605693117.amr/167129/fa73c671febb61f8f79c7a730531d5e5",red_blank
04/15/2013 10:41:09 AM,3 min. 36 sec.,Completed,jim,Yes,"<a title=""Why or why not?"" href=""http://www.mit.edu/~crhie/lotto/audio/recording1857303255.mp3"" target=""_blank"">Click here to listen</a>",Yes,20,1,"<a title=""What would you do if you won the jackpot?"" href=""http://www.mit.edu/~crhie/lotto/audio/recording872050717.mp3"" target=""_blank"">Click here to listen</a>",http://farm9.staticflickr.com/8120/8655921744_38b426b481_b.jpg,1526 gates ave,40.6992266667,-73.9127116667,Pink,http://app.formassembly.com/responses/view/26766989,http://lotto.mit.edu/?page_id=20,198.228.200.21,"recording1857303255.amr (42 Kb.): http://app.formassembly.com/uploads/get/3b03ae0bd75f655b062892edce7aa215-recording1857303255.amr/167129/930c5b00d8d99054ff9cd4a6dc59722a, recording872050717.amr (15 Kb.): http://app.formassembly.com/uploads/get/7b818f06ca415e100ccadefecf0cd6e6-recording872050717.amr/167129/3a2aa355815ff42455109d83eacadbee, 1366036763416.jpg (1021 Kb.): http://app.formassembly.com/uploads/get/c3d6504bf7a5b9ebc890a7dc31523ee8-1366036763416.jpg/167129/02341261adcc6807cf79708b5cb0bbf6",pink_blank
04/15/2013 10:43:38 AM,6 min. 5 sec.,Completed,felix,Yes,"<a title=""Why or why not?"" href=""http://www.mit.edu/~crhie/lotto/audio/recording1499512102.mp3"" target=""_blank"">Click here to listen</a>",Yes,55000,80,"<a title=""What would you do if you won the jackpot?"" href=""http://www.mit.edu/~crhie/lotto/audio/recording-1667843599.mp3"" target=""_blank"">Click here to listen</a>",http://farm9.staticflickr.com/8114/8655921734_a458e6d660_b.jpg,577 Knickerbocker Avenue,40.6973383333,-73.9154966667,Blue,http://app.formassembly.com/responses/view/26767095,http://lotto.mit.edu/?page_id=20,198.228.200.39,"recording1499512102.amr (16 Kb.): http://app.formassembly.com/uploads/get/2266d116946b96c986c88a327b3d34cf-recording1499512102.amr/167129/338edab73a904489650500d8049095cd, recording-1667843599.amr (39 Kb.): http://app.formassembly.com/uploads/get/9e73612127b7047add79831a360c8b23-recording-1667843599.amr/167129/1cc7f8ccf3a71608e8299556dad8e193, 1366036976060.jpg (1241 Kb.): http://app.formassembly.com/uploads/get/4dba604b8addfdd4783144ae5d15092c-1366036976060.jpg/167129/a84b2b49629706e113b6399d978ff23f",blu_blank
04/15/2013 10:44:30 AM,3 min. 3 sec.,Completed,bengee,No,"<a title=""Why or why not?"" href=""http://www.mit.edu/~crhie/lotto/audio/recording-608379387.mp3"" target=""_blank"">Click here to listen</a>",,,,,http://lotto.mit.edu/wp-content/uploads/2013/04/Screen-Shot-2013-04-21-at-10.58.27-PM.png,204 Covert Street,40.692532,-73.909192,Red,http://app.formassembly.com/responses/view/26767131,http://lotto.mit.edu/?page_id=20,198.228.200.26,recording-608379387.amr (29 Kb.): http://app.formassembly.com/uploads/get/c2f11de79d4dfd404942d8a32406a97c-recording-608379387.amr/167129/7f43ffe42fe7f78844b2d25a804f9fb8,red_blank
04/15/2013 10:44:30 AM,3 min. 16 sec.,Completed,Luis,Yes,"<a title=""Why or why not?"" href=""http://www.mit.edu/~crhie/lotto/audio/recording-1257463571.mp3"" target=""_blank"">Click here to listen</a>",No,,8,"<a title=""What would you do if you won the jackpot?"" href=""http://www.mit.edu/~crhie/lotto/audio/recording-1847852866.mp3"" target=""_blank"">Click here to listen</a>",http://farm9.staticflickr.com/8124/8654817733_0aceb396c1_b.jpg,1524 Myrtle Avenue,40.699165,-73.9132466667,Pink,http://app.formassembly.com/responses/view/26767132,http://lotto.mit.edu/?page_id=20,198.228.200.21,"recording-1257463571.amr (7 Kb.): http://app.formassembly.com/uploads/get/120860d34381366916c7a67cff6116ce-recording-1257463571.amr/167129/111f908ee25cdb46a52152b341caf248, recording-1847852866.amr (18 Kb.): http://app.formassembly.com/uploads/get/b2bd858157476b0338c777ae9a4a02b1-recording-1847852866.amr/167129/b51581516501af668081120791f2d47d, 1366037056433.jpg (1158 Kb.): http://app.formassembly.com/uploads/get/f2f232a5dc4e7970e763f51e3edfef52-1366037056433.jpg/167129/9fd514cec9163b948082d4f6af4fe6d7",pink_blank
04/15/2013 10:46:42 AM,2 min. 5 sec.,Completed,zazkerytran,No,"<a title=""Why or why not?"" href=""http://www.mit.edu/~crhie/lotto/audio/recording382734032.mp3"" target=""_blank"">Click here to listen</a>",,,,,http://farm9.staticflickr.com/8105/8655921662_4f712ce6ca_b.jpg,177 Covert Street,40.6921733333,-73.9093016667,Red,http://app.formassembly.com/responses/view/26767218,http://lotto.mit.edu/?page_id=20,198.228.200.26,"recording382734032.amr (12 Kb.): http://app.formassembly.com/uploads/get/6d7ff877c219d1843d02f3192befc4e4-recording382734032.amr/167129/6404e7c3cc68ae3c52b6529cf30ac1d9, 1366037184547.jpg (1371 Kb.): http://app.formassembly.com/uploads/get/1fd7bd9923c8e6a12a64e593989fbd7c-1366037184547.jpg/167129/5b81e2dc94cdb6fe5b08bc2cbe03247d",red_blank
04/15/2013 10:46:59 AM,6 min. 39 sec.,,carmen,Yes,"<a title=""Why or why not?"" href=""http://www.mit.edu/~crhie/lotto/audio/recording-295672026.mp3"" target=""_blank"">Click here to listen</a>",No,,0,"<a title=""What would you do if you won the jackpot?"" href=""http://www.mit.edu/~crhie/lotto/audio/recording-1872692857.mp3"" target=""_blank"">Click here to listen</a>",http://lotto.mit.edu/wp-content/uploads/2013/04/Carmen.png,480 Irving Avenue,40.695297,-73.908337,Green,http://app.formassembly.com/responses/view/26767230,http://lotto.mit.edu/?page_id=20,198.228.200.42,"recording-295672026.amr (16 Kb.): http://app.formassembly.com/uploads/get/bc422ec05e10e80d032154d635dbdf70-recording-295672026.amr/167129/291496d5aed2d79d31d1f35e88330d47, recording-1872692857.amr (23 Kb.): http://app.formassembly.com/uploads/get/8c150d05feef550581082cf2abfeae95-recording-1872692857.amr/167129/07e20a02bd07f70bb2ef3aefea71ced1",grn_blank
04/15/2013 10:47:27 AM,2 min. 3 sec.,Completed,maria,Yes,"<a title=""Why or why not?"" href=""http://www.mit.edu/~crhie/lotto/audio/recording-710769947.mp3"" target=""_blank"">Click here to listen</a>",Yes,7,3,"<a title=""What would you do if you won the jackpot?"" href=""http://www.mit.edu/~crhie/lotto/audio/recording-1588344456.mp3"" target=""_blank"">Click here to listen</a>",http://farm9.staticflickr.com/8108/8654817653_c8346a64ce_b.jpg,1545 Myrtle Avenue,40.6991733333,-73.9132916667,Pink,http://app.formassembly.com/responses/view/26767248,http://lotto.mit.edu/?page_id=20,198.228.200.21,"recording-710769947.amr (30 Kb.): http://app.formassembly.com/uploads/get/ff03d8fa14f4e9a9cec8700019e5c752-recording-710769947.amr/167129/045413d2613cc9158cfcc3f2cc2df888, recording-1588344456.amr (12 Kb.): http://app.formassembly.com/uploads/get/c8f53b92590cc218752a7883bc745260-recording-1588344456.amr/167129/52a729d54ec8ca1f9da3de03b5cd42be, 1366037201051.jpg (1348 Kb.): http://app.formassembly.com/uploads/get/fdf5a3aab08a37ec194374ee9465f142-1366037201051.jpg/167129/df1c61dc0b13020f3e1b57a6cc22d9f1",pink_blank
04/15/2013 10:48:05 AM,4 min. 7 sec.,Completed,hector,Yes,"<a title=""Why or why not?"" href=""http://www.mit.edu/~crhie/lotto/audio/recording-1842759848.mp3"" target=""_blank"">Click here to listen</a>",Yes,12000,70,"<a title=""What would you do if you won the jackpot?"" href=""http://www.mit.edu/~crhie/lotto/audio/recording1735670000.mp3"" target=""_blank"">Click here to listen</a>",http://farm9.staticflickr.com/8118/8654817619_02c444c4ba_b.jpg,255 Linden Street,40.697285,-73.91587,Blue,http://app.formassembly.com/responses/view/26767267,http://lotto.mit.edu/?page_id=20,198.228.200.39,"recording-1842759848.amr (30 Kb.): http://app.formassembly.com/uploads/get/63574c1fb843b8066b9e4e2a18858fd3-recording-1842759848.amr/167129/2203b114619333f9ca2ca3bed0403192, recording1735670000.amr (27 Kb.): http://app.formassembly.com/uploads/get/5a71e16bb2366e1f476d209652d908e6-recording1735670000.amr/167129/f377dfed0b8329c4ab5e205c99f2bd9a, 1366037264826.jpg (1524 Kb.): http://app.formassembly.com/uploads/get/a1ceb9b3692675c9a4b3c690d80a88fa-1366037264826.jpg/167129/49a6409e3995ae95597652628b693479",blu_blank
04/15/2013 10:49:15 AM,2 min. 11 sec.,Completed,julian,No,,,,,,http://lotto.mit.edu/wp-content/uploads/2013/04/Screen-Shot-2013-04-21-at-10.56.31-PM.png,1384 Hancock Street,40.695287,-73.908039,Green,http://app.formassembly.com/responses/view/26767315,http://lotto.mit.edu/?page_id=20,198.228.200.42,,grn_blank
04/15/2013 10:49:45 AM,2 min. 53 sec.,Completed,javer,No,"<a title=""Why or why not?"" href=""http://www.mit.edu/~crhie/lotto/audio/recording-1256413326.mp3"" target=""_blank"">Click here to listen</a>",,,,,http://farm9.staticflickr.com/8119/8655921620_4b4e026507_b.jpg,177 Covert Street,40.691719,-73.909503,Red,http://app.formassembly.com/responses/view/26767335,http://lotto.mit.edu/?page_id=20,198.228.200.26,"recording-1256413326.amr (13 Kb.): http://app.formassembly.com/uploads/get/b2b316371dada0ac14f7a6842b2185ee-recording-1256413326.amr/167129/cb643dcefff3274a8854db636c100de0, 1366037370201.jpg (1357 Kb.): http://app.formassembly.com/uploads/get/f629a6b2913b7dd91179883c31277ddb-1366037370201.jpg/167129/e614a8ccc6c8645c737eec782c667f99",red_blank
04/15/2013 10:53:15 AM,3 min. 20 sec.,Completed,roger,Yes,,No,,200,,http://lotto.mit.edu/wp-content/uploads/2013/04/Roger.png,177 Covert Street,40.693655,-73.913333,Red,http://app.formassembly.com/responses/view/26767444,http://lotto.mit.edu/?page_id=20,198.228.200.26,,red_blank
04/15/2013 10:53:36 AM,5 min. 19 sec.,Completed,demeare,No,,,,,,http://farm9.staticflickr.com/8111/8655921126_af3af63e49_b.jpg,458-478 Knickerbocker Avenue,40.69823,-73.9175183333,Blue,http://app.formassembly.com/responses/view/26767460,http://lotto.mit.edu/?page_id=20,198.228.200.38,1366037578451.jpg (1787 Kb.): http://app.formassembly.com/uploads/get/285e1149ca162221ca42dc73a23eb9b7-1366037578451.jpg/167129/47ce586e082d2a9c9c121f06bb8cf091,blu_blank
04/15/2013 10:54:55 AM,1 min. 32 sec.,Completed,irvin,Yes,"<a title=""Why or why not?"" href=""http://www.mit.edu/~crhie/lotto/audio/recording627867116.mp3"" target=""_blank"">Click here to listen</a>",No,,12,"<a title=""What would you do if you won the jackpot?"" href=""http://www.mit.edu/~crhie/lotto/audio/recording1993039499.mp3"" target=""_blank"">Click here to listen</a>",http://farm9.staticflickr.com/8103/8655921524_860f2912ce_b.jpg,177 Covert Street,40.69154,-73.909557,Red,http://app.formassembly.com/responses/view/26767508,http://lotto.mit.edu/?page_id=20,198.228.200.26,"recording627867116.amr (16 Kb.): http://app.formassembly.com/uploads/get/41f9beda13e40f5758ca42a824fa9ee6-recording627867116.amr/167129/2e7cca2d003a37ef88d175d71d38cc35, recording1993039499.amr (6 Kb.): http://app.formassembly.com/uploads/get/6b95d332a62626881daec1fbc7786f0a-recording1993039499.amr/167129/12bf102d019227ca477ca2f09beb2916, 1366037679654.jpg (1249 Kb.): http://app.formassembly.com/uploads/get/62569f083ccdd37dc6ae9d12a4f23259-1366037679654.jpg/167129/38ee16b559640d09be3e41f629658554",red_blank
04/15/2013 10:57:16 AM,7 min. 56 sec.,Completed,singh,No,"<a title=""Why or why not?"" href=""http://www.mit.edu/~crhie/lotto/audio/recording-964708673.mp3"" target=""_blank"">Click here to listen</a>",,,,,http://farm9.staticflickr.com/8120/8654817537_0e2874b9c5_b.jpg,1330 Halsey Street,40.694745,-73.906381,Green,http://app.formassembly.com/responses/view/26767586,http://lotto.mit.edu/?page_id=20,198.228.200.21,"recording-964708673.amr (24 Kb.): http://app.formassembly.com/uploads/get/8802d9a9af07e2887197361bae270eec-recording-964708673.amr/167129/37fd574f246486a1a853e85a838d92ce, 1366037759377.jpg (1055 Kb.): http://app.formassembly.com/uploads/get/b177f61f02deca1cb3a45e07d7c7fd75-1366037759377.jpg/167129/b486e901086717938d34146290cd4511",grn_blank
04/15/2013 10:57:40 AM,2 min. 32 sec.,Completed,carlos,Yes,"<a title=""Why or why not?"" href=""http://www.mit.edu/~crhie/lotto/audio/recording806612309.mp3"" target=""_blank"">Click here to listen</a>",No,,5,"<a title=""What would you do if you won the jackpot?"" href=""http://www.mit.edu/~crhie/lotto/audio/recording1365365168.mp3"" target=""_blank"">Click here to listen</a>",http://farm9.staticflickr.com/8121/8655921482_e4346c082c_b.jpg,177 Covert Street,40.6917333333,-73.9102633333,Red,http://app.formassembly.com/responses/view/26767605,http://lotto.mit.edu/?page_id=20,198.228.200.26,"recording806612309.amr (10 Kb.): http://app.formassembly.com/uploads/get/dbb5c5a953248032c786c0c6e50d1846-recording806612309.amr/167129/ac38b7d09aba025cae6ef95aa32317c0, recording1365365168.amr (7 Kb.): http://app.formassembly.com/uploads/get/7a4a83da2c8ac5ef32f8938264517617-recording1365365168.amr/167129/f903ffda3b7cc70617e3c0980dbc2080, 1366037841534.jpg (1519 Kb.): http://app.formassembly.com/uploads/get/aa3e1ead18e9f7cad3c9c7d35b14b739-1366037841534.jpg/167129/b16f824fc11f42d593800444c3dc7e07",red_blank
04/15/2013 10:59:38 AM,1 min. 51 sec.,Completed,dontay,Yes,"<a title=""Why or why not?"" href=""http://www.mit.edu/~crhie/lotto/audio/recording-991627367.mp3"" target=""_blank"">Click here to listen</a>",Yes,125,80,"<a title=""What would you do if you won the jackpot?"" href=""http://www.mit.edu/~crhie/lotto/audio/recording-117824819.mp3"" target=""_blank"">Click here to listen</a>",http://farm9.staticflickr.com/8105/8655921102_a3e103d551_b.jpg,177 Covert Street,40.692573,-73.911402,Red,http://app.formassembly.com/responses/view/26767669,http://lotto.mit.edu/?page_id=20,198.228.200.26,"recording-991627367.amr (10 Kb.): http://app.formassembly.com/uploads/get/e2e467dc9c123db5366be365f5fb506a-recording-991627367.amr/167129/c9d070a8d1d7102c9559e7bba0b058f5, recording-117824819.amr (9 Kb.): http://app.formassembly.com/uploads/get/6b758585dad136a36169371f89cad45c-recording-117824819.amr/167129/c5ad35162cea3fe31fb6a8fca9bc1dee, 1366037962519.jpg (1297 Kb.): http://app.formassembly.com/uploads/get/096051251897cdf61cb0d11584daacda-1366037962519.jpg/167129/23df7a37e4b5b4fea888b2792bf2b208",red_blank
04/15/2013 11:01:28 AM,1 min. 44 sec.,Completed,princess,Yes,"<a title=""Why or why not?"" href=""http://www.mit.edu/~crhie/lotto/audio/recording1031438502.mp3"" target=""_blank"">Click here to listen</a>",No,,0,"<a title=""What would you do if you won the jackpot?"" href=""http://www.mit.edu/~crhie/lotto/audio/recording904699602.mp3"" target=""_blank"">Click here to listen</a>",http://lotto.mit.edu/wp-content/uploads/2013/04/Princess.png,177 Covert Street,40.692361,-73.911102,Red,http://app.formassembly.com/responses/view/26767740,http://lotto.mit.edu/?page_id=20,198.228.200.26,"recording1031438502.amr (9 Kb.): http://app.formassembly.com/uploads/get/ec7e4ee4fa6a34170f10888edda2ddee-recording1031438502.amr/167129/082925ef6be7c61c716bf32783da14bf, recording904699602.amr (10 Kb.): http://app.formassembly.com/uploads/get/e1ebc5e183fe683dd223571b7ddf744f-recording904699602.amr/167129/2e9df03fed2cf4ddf4b98caa380a380b",red_blank
04/15/2013 11:03:26 AM,5 min. 43 sec.,,Christina,Yes,"<a title=""Why or why not?"" href=""http://www.mit.edu/~crhie/lotto/audio/recording-1923112469.mp3"" target=""_blank"">Click here to listen</a>",No,,3,"<a title=""What would you do if you won the jackpot?"" href=""http://www.mit.edu/~crhie/lotto/audio/recording1425577889.mp3"" target=""_blank"">Click here to listen</a>",http://farm9.staticflickr.com/8117/8654817461_7f0406a81c_b.jpg,1365 Halsey Street,40.6960866667,-73.9053266667,Green,http://app.formassembly.com/responses/view/26767806,http://lotto.mit.edu/?page_id=20,198.228.200.41,"recording-1923112469.amr (24 Kb.): http://app.formassembly.com/uploads/get/0a8f05adec0c4868eb4a267ca4feb7d1-recording-1923112469.amr/167129/4564871776a9dae311b44730f1c5fcc9, recording1425577889.amr (36 Kb.): http://app.formassembly.com/uploads/get/da6dc0c64b87cb22905d23ee8faefe93-recording1425577889.amr/167129/51b3fef7a0e7d9496d4149bc9a7cd528, 1366038022835.jpg (853 Kb.): http://app.formassembly.com/uploads/get/fcb8cf9786f7ce2e43f295862354bd7b-1366038022835.jpg/167129/d5deffac495ddd8f2450d28216a11667",grn_blank
04/15/2013 11:03:28 AM,15 min. 52 sec.,Completed,Benin,Yes,"<a title=""Why or why not?"" href=""http://www.mit.edu/~crhie/lotto/audio/recording-1968335323.mp3"" target=""_blank"">Click here to listen</a>",No,,,"<a title=""What would you do if you won the jackpot?"" href=""http://www.mit.edu/~crhie/lotto/audio/recording-1410039959.mp3"" target=""_blank"">Click here to listen</a>",http://farm9.staticflickr.com/8118/8654817485_f1414e7096_b.jpg,1518 Myrtle Avenue,40.7013666667,-73.9143983333,Pink,http://app.formassembly.com/responses/view/26767809,http://lotto.mit.edu/?page_id=20,69.126.154.255,"recording-1968335323.amr (4 Kb.): http://app.formassembly.com/uploads/get/eec69daa99feadc72e1161629ccd4309-recording-1968335323.amr/167129/92bd684e5aacc48d6b8727e79d32eb65, recording-1410039959.amr (13 Kb.): http://app.formassembly.com/uploads/get/6e0b67d00a0fdb3ddd3668c924cb9061-recording-1410039959.amr/167129/360aa2586f5c459bc59af8e6e8d28048, 1366037974794.jpg (994 Kb.): http://app.formassembly.com/uploads/get/cb5d55762a8024d5c89c57df84c14449-1366037974794.jpg/167129/1b0e7351d9521d3786d9de558a2acfd3",pink_blank
04/15/2013 11:05:58 AM,7 min. 39 sec.,Completed,jose,No,"<a title=""Why or why not?"" href=""http://www.mit.edu/~crhie/lotto/audio/recording2143203038.mp3"" target=""_blank"">Click here to listen</a>",,,,,http://lotto.mit.edu/wp-content/uploads/2013/04/blueinterviews_jose.jpg,480 Knickerbocker Avenue,40.69837,-73.917843,Blue,http://app.formassembly.com/responses/view/26767888,http://lotto.mit.edu/?page_id=20,198.228.200.37,"recording2143203038.amr (91 Kb.): http://app.formassembly.com/uploads/get/a90d1ba20bcae2a81fc1071d9a97c3e6-recording2143203038.amr/167129/696da909b176e939db810bb922b8b0f3, 1366038334685.jpg (688 Kb.): http://app.formassembly.com/uploads/get/7a35519e24c39f28ff2763bd1249ef5f-1366038334685.jpg/167129/03c09f5ef89d2905582aea8b23dc9504",blu_blank
04/15/2013 11:06:35 AM,1 min. 52 sec.,Completed,Jennifer,No,"<a title=""Why or why not?"" href=""http://www.mit.edu/~crhie/lotto/audio/recording-109455612.mp3"" target=""_blank"">Click here to listen</a>",,,,,http://lotto.mit.edu/wp-content/uploads/2013/04/pinkteam_jennifer.jpg,367 Menahan Street,40.701604,-73.913966,Pink,http://app.formassembly.com/responses/view/26767913,http://lotto.mit.edu/?page_id=20,198.228.200.30,recording-109455612.amr (7 Kb.): http://app.formassembly.com/uploads/get/9c5cd16a761985436139ed9b757360b4-recording-109455612.amr/167129/1017fc45b8449e4d11d933d2ae99ca9a,pink_blank
04/15/2013 11:07:48 AM,3 min. 43 sec.,,Cynthia,No,"<a title=""Why or why not?"" href=""http://www.mit.edu/~crhie/lotto/audio/recording1768504395.mp3"" target=""_blank"">Click here to listen</a>",,,,,http://farm9.staticflickr.com/8121/8654817419_78613d5688_b.jpg,1365 Halsey Street,40.695425,-73.905674,Green,http://app.formassembly.com/responses/view/26767944,http://lotto.mit.edu/?page_id=20,198.228.200.41,"recording1768504395.amr (16 Kb.): http://app.formassembly.com/uploads/get/468a9286cd27b2613571bc2193757228-recording1768504395.amr/167129/0ebcfd7b89374f60a30a295ec47ea46a, 1366038339277.jpg (1030 Kb.): http://app.formassembly.com/uploads/get/303e509580447f24855f0db0d74305ef-1366038339277.jpg/167129/c81735344914f64061d2b41eab0b36a4",grn_blank
04/15/2013 11:08:25 AM,6 min. 20 sec.,Completed,jose,Yes,"<a title=""Why or why not?"" href=""http://www.mit.edu/~crhie/lotto/audio/recording893431171.mp3"" target=""_blank"">Click here to listen</a>",Yes,80,5,"<a title=""What would you do if you won the jackpot?"" href=""http://www.mit.edu/~crhie/lotto/audio/recording1325065228.mp3"" target=""_blank"">Click here to listen</a>",http://farm9.staticflickr.com/8109/8654817087_5be1ae5664_b.jpg,177 Covert Street,40.69276,-73.911788,Red,http://app.formassembly.com/responses/view/26767963,http://lotto.mit.edu/?page_id=20,198.228.200.39,"recording893431171.amr (18 Kb.): http://app.formassembly.com/uploads/get/eaff8ed08b078cfee85e12a384b8897b-recording893431171.amr/167129/b84d3aa297ff153c70d20eb7501d759e, recording1325065228.amr (10 Kb.): http://app.formassembly.com/uploads/get/4a6994bb1ca70e79390217e6d2b39901-recording1325065228.amr/167129/af441aa4a8d615dddf1067882a7dbee3, 1366038491413.jpg (1173 Kb.): http://app.formassembly.com/uploads/get/697977b725a3d3b1377f5c8b282d91ec-1366038491413.jpg/167129/19cae58195431d49d83700f2ad0a3093",red_blank
04/15/2013 11:10:10 AM,4 min. 5 sec.,Completed,jesus,No,"<a title=""Why or why not?"" href=""http://www.mit.edu/~crhie/lotto/audio/recording-1939780809.mp3"" target=""_blank"">Click here to listen</a>",,,,,http://farm9.staticflickr.com/8124/8655921332_74e37061fd_b.jpg,1465 Myrtle Avenue, 40.699067,-73.917134,Blue,http://app.formassembly.com/responses/view/26768031,http://lotto.mit.edu/?page_id=20,198.228.200.37,"recording-1939780809.amr (26 Kb.): http://app.formassembly.com/uploads/get/fd4b09eb2ae2236acdabef0da6510a22-recording-1939780809.amr/167129/e16b68f584d7851ab90cd4b281501f42, 1366038556278.jpg (846 Kb.): http://app.formassembly.com/uploads/get/b6fcf1c66dde19cf4175baa5baed3f97-1366038556278.jpg/167129/2e0922bc30e324fb2319d835546112a0",blu_blank
04/15/2013 11:11:00 AM,2 min. 31 sec.,Completed,reginlu,Yes,"<a title=""Why or why not?"" href=""http://www.mit.edu/~crhie/lotto/audio/recording139984434.mp3"" target=""_blank"">Click here to listen</a>",Yes,45000,120,"<a title=""What would you do if you won the jackpot?"" href=""http://www.mit.edu/~crhie/lotto/audio/recording-408026340.mp3"" target=""_blank"">Click here to listen</a>",http://lotto.mit.edu/wp-content/uploads/2013/04/Regianlu.png,177 Covert Street,40.69302,-73.912196,Red,http://app.formassembly.com/responses/view/26768059,http://lotto.mit.edu/?page_id=20,198.228.200.39,"recording139984434.amr (7 Kb.): http://app.formassembly.com/uploads/get/61425df79e46c1c20020d728fca767c8-recording139984434.amr/167129/eee2508bfc569e3c1a6fb2db53573a97, recording-408026340.amr (27 Kb.): http://app.formassembly.com/uploads/get/60394818dd6962d798226276ee60dc3a-recording-408026340.amr/167129/648e09f0ff437464b31735787f9eb518",red_blank
04/15/2013 11:15:07 AM,4 min. 49 sec.,Completed,fenax,No,"<a title=""Why or why not?"" href=""http://www.mit.edu/~crhie/lotto/audio/recording2039525007.mp3"" target=""_blank"">Click here to listen</a>",,,,,http://farm9.staticflickr.com/8120/8654817391_35d824fb2f_b.jpg,1456 Myrtle Avenue,40.698951,-73.916536,Blue,http://app.formassembly.com/responses/view/26768181,http://lotto.mit.edu/?page_id=20,198.228.200.18,"recording2039525007.amr (20 Kb.): http://app.formassembly.com/uploads/get/3ebc2a1bec10d4e08a5dcee085a71ca0-recording2039525007.amr/167129/b0af0632bfb783bc27ff5e19db41385c, 1366038872943.jpg (860 Kb.): http://app.formassembly.com/uploads/get/fe7ec47d2bad3596e7d78bb160e0c46b-1366038872943.jpg/167129/84882f7aea11a14f237a0a95bc57967e",blu_blank
04/15/2013 11:16:11 AM,4 min. 12 sec.,Completed,jazmine,No,"<a title=""Why or why not?"" href=""http://www.mit.edu/~crhie/lotto/audio/recording-1082565184.mp3"" target=""_blank"">Click here to listen</a>",,,,,http://lotto.mit.edu/wp-content/uploads/2013/04/Silhouette-01.png,349 Wilson Avenue,40.693842,-73.913108,Red,http://app.formassembly.com/responses/view/26768226,http://lotto.mit.edu/?page_id=20,198.228.200.39,recording-1082565184.amr (18 Kb.): http://app.formassembly.com/uploads/get/41a5326cc42f1ba30f88e9b761cd5807-recording-1082565184.amr/167129/5e615a5251d0b79680c13d2820111856,red_blank
04/15/2013 11:17:43 AM,1 min. 24 sec.,Completed,kathy,No,"<a title=""Why or why not?"" href=""http://www.mit.edu/~crhie/lotto/audio/recording-2025332825.mp3"" target=""_blank"">Click here to listen</a>",,,,,http://lotto.mit.edu/wp-content/uploads/2013/04/Kathy.png,349 Wilson Avenue,40.693883,-73.913012,Red,http://app.formassembly.com/responses/view/26768284,http://lotto.mit.edu/?page_id=20,198.228.200.39,recording-2025332825.amr (18 Kb.): http://app.formassembly.com/uploads/get/069f8ab89bb20457fbc8d4abc1c43634-recording-2025332825.amr/167129/527b73350074d226ac00b8ba334755bd,red_blank
04/15/2013 11:18:55 AM,3 min. 38 sec.,Completed,frederina,Yes,"<a title=""Why or why not?"" href=""http://www.mit.edu/~crhie/lotto/audio/recording-101961501.mp3"" target=""_blank"">Click here to listen</a>",No,0,3.5,"<a title=""What would you do if you won the jackpot?"" href=""http://www.mit.edu/~crhie/lotto/audio/recording-2039923538.mp3"" target=""_blank"">Click here to listen</a>",http://farm9.staticflickr.com/8122/8655921304_316b9f34eb_b.jpg,237-265 Menahan Street,40.6989,-73.916431,Blue,http://app.formassembly.com/responses/view/26768323,http://lotto.mit.edu/?page_id=20,198.228.200.18,"recording-101961501.amr (14 Kb.): http://app.formassembly.com/uploads/get/c12d2db717ef8e779af589d7d24da353-recording-101961501.amr/167129/a88f27b313aaf25a70b6910e8059bcd2, recording-2039923538.amr (33 Kb.): http://app.formassembly.com/uploads/get/d526669deff4593e73c0ed9933b87c6a-recording-2039923538.amr/167129/2d08133b9b1d461d62106f25f5e40a7d, 1366039101054.jpg (862 Kb.): http://app.formassembly.com/uploads/get/c0f3ccab1e06d855bef607f6e016c7ef-1366039101054.jpg/167129/1aab98d507fd9e77be9400df4b1586c9",blu_blank
04/15/2013 11:20:35 AM,46 sec.,Completed,jose,No,"<a title=""Why or why not?"" href=""http://www.mit.edu/~crhie/lotto/audio/recording-952255216.mp3"" target=""_blank"">Click here to listen</a>",,,,,http://lotto.mit.edu/wp-content/uploads/2013/04/Jose.png,349 Wilson Avenue,40.695314,-73.911638,Red,http://app.formassembly.com/responses/view/26768365,http://lotto.mit.edu/?page_id=20,198.228.200.39,recording-952255216.amr (10 Kb.): http://app.formassembly.com/uploads/get/9b9a77a881fd1e3befbb882ae16163f0-recording-952255216.amr/167129/de9d5c2994d8831fbdf1a4ca018c9168,red_blank
04/15/2013 11:21:02 AM,2 min. 13 sec.,Completed,Maurice,No,"<a title=""Why or why not?"" href=""http://www.mit.edu/~crhie/lotto/audio/recording8015514.mp3"" target=""_blank"">Click here to listen</a>",,,,,http://farm9.staticflickr.com/8100/8655921274_35d5dcba30_b.jpg,1485-1487 Putnam Avenue,40.6966316667,-73.9099266667,Green,http://app.formassembly.com/responses/view/26768383,http://lotto.mit.edu/?page_id=20,198.228.200.33,"recording8015514.amr (29 Kb.): http://app.formassembly.com/uploads/get/7dfccf91cd248e4e97f8935c45922659-recording8015514.amr/167129/9aaeb458df9c0a7c1623af76832da701, 1366039152833.jpg (1490 Kb.): http://app.formassembly.com/uploads/get/7e996e64d38fa205fdf1683a1bb169dd-1366039152833.jpg/167129/84801b9d4cbcecf4c244e76f361b2526",grn_blank
04/15/2013 11:22:43 AM,3 min. 39 sec.,Completed,rose,Yes,"<a title=""Why or why not?"" href=""http://www.mit.edu/~crhie/lotto/audio/recording2137893046.mp3"" target=""_blank"">Click here to listen</a>",Yes,5000,1,"<a title=""What would you do if you won the jackpot?"" href=""http://www.mit.edu/~crhie/lotto/audio/recording2143890481.mp3"" target=""_blank"">Click here to listen</a>",http://farm9.staticflickr.com/8126/8655921016_f92f79240d_b.jpg,296 Grove Street,40.6982916667,-73.9154133333,Blue,http://app.formassembly.com/responses/view/26768447,http://lotto.mit.edu/?page_id=20,198.228.200.18,"recording2137893046.amr (16 Kb.): http://app.formassembly.com/uploads/get/81c3090d944c10d52902021efc17dfcf-recording2137893046.amr/167129/5f5efd304d12eb4eb152c95540024983, recording2143890481.amr (34 Kb.): http://app.formassembly.com/uploads/get/87b75ae1c3f978806596496ca815d975-recording2143890481.amr/167129/ea26039582a703264acaba8420046bb0, 1366039339324.jpg (1215 Kb.): http://app.formassembly.com/uploads/get/5f72de77461cd4d9aa4610d632962d06-1366039339324.jpg/167129/dcda29c78d92b20d2521144cd143fcdc",blu_blank
04/15/2013 11:25:30 AM,1 min. 48 sec.,,Alfred,Yes,"<a title=""Why or why not?"" href=""http://www.mit.edu/~crhie/lotto/audio/recording434528722.mp3"" target=""_blank"">Click here to listen</a>",No,0,3,"<a title=""What would you do if you won the jackpot?"" href=""http://www.mit.edu/~crhie/lotto/audio/recording-900361883.mp3"" target=""_blank"">Click here to listen</a>",http://farm9.staticflickr.com/8103/8655921018_e2c81f7dff_b.jpg,392-420 Irving Avenue,40.696756,-73.910402,Green,http://app.formassembly.com/responses/view/26768533,http://lotto.mit.edu/?page_id=20,198.228.200.33,"recording434528722.amr (8 Kb.): http://app.formassembly.com/uploads/get/6f3c47c2b2c40afe82b2015fdb585c02-recording434528722.amr/167129/9765f196f9b7b88ad544806d6847fb94, recording-900361883.amr (25 Kb.): http://app.formassembly.com/uploads/get/aed12683852693aae783779c8f7745f0-recording-900361883.amr/167129/2719f4c975e5e90208a0390726b97979, 1366039452126.jpg (835 Kb.): http://app.formassembly.com/uploads/get/7f000edb8f6710513217151fa17880f5-1366039452126.jpg/167129/75314832514fb45ae1de4eb19e9239d8",grn_blank
